Id	Name	lower_name	group
2	BTS	bts	group
3	TOMORROW X TOGETHER	txt	group
50	LE SSERAFIM	le-sserafim	group
7	SEVENTEEN	seventeen	group
10	ENHYPEN	enhypen	group
80	ZICO	zico	idol
82	NewJeans	newjeans	group
23	SUNMI	sunmi	idol
106	BamBam	bambam	idol
25	TREASURE	treasure	group
32	BLACKPINK	blackpink	group
38	WINNER	winner	group
34	STAYC	stayc	group
110	KWON EUN BI	Eunbi	idol
91	Billlie	billlie	group
98	OH MY GIRL	oh-my-girl	group
113	(G)I-DLE	G-I-DLE	group
124	EXO	exo	group
126	BoA	boa	idol
128	SUPER JUNIOR	super-junior	group
129	Red Velvet	red-velvet	group
130	SHINee	shinee	group
133	aespa	aespa	group
134	Girls' Generation	girls-generation	group
151	RIIZE	riize	group
157	QWER	qwer	group
92	AKMU	AKMU	group
112	BOYNEXTDOOR	boynextdoor	group
